,img,predictions
0,test_0.jpg,11
1,test_1.jpg,4
2,test_2.jpg,4
3,test_3.jpg,4
4,test_4.jpg,4
5,test_5.jpg,10
6,test_6.jpg,4
7,test_7.jpg,4
8,test_8.jpg,4
9,test_9.jpg,4
10,test_10.jpg,10
11,test_11.jpg,2
12,test_12.jpg,0
13,test_13.jpg,4
14,test_14.jpg,4
15,test_15.jpg,0
16,test_16.jpg,4
17,test_17.jpg,4
18,test_18.jpg,2
19,test_19.jpg,11
20,test_20.jpg,4
21,test_21.jpg,11
22,test_22.jpg,8
23,test_23.jpg,2
24,test_24.jpg,4
25,test_25.jpg,4
26,test_26.jpg,4
27,test_27.jpg,0
28,test_28.jpg,5
29,test_29.jpg,4
30,test_30.jpg,4
31,test_31.jpg,2
32,test_32.jpg,4
33,test_33.jpg,4
34,test_34.jpg,4
35,test_35.jpg,4
36,test_36.jpg,1
37,test_37.jpg,5
38,test_38.jpg,0
39,test_39.jpg,2
40,test_40.jpg,4
41,test_41.jpg,4
42,test_42.jpg,0
43,test_43.jpg,4
44,test_44.jpg,4
45,test_45.jpg,4
46,test_46.jpg,2
47,test_47.jpg,2
48,test_48.jpg,2
49,test_49.jpg,4
50,test_50.jpg,1
51,test_51.jpg,4
52,test_52.jpg,11
53,test_53.jpg,2
54,test_54.jpg,4
55,test_55.jpg,2
56,test_56.jpg,4
57,test_57.jpg,4
58,test_58.jpg,4
59,test_59.jpg,4
60,test_60.jpg,2
61,test_61.jpg,4
62,test_62.jpg,11
63,test_63.jpg,4
64,test_64.jpg,4
65,test_65.jpg,8
66,test_66.jpg,10
67,test_67.jpg,0
68,test_68.jpg,11
69,test_69.jpg,2
70,test_70.jpg,8
71,test_71.jpg,4
72,test_72.jpg,4
73,test_73.jpg,4
74,test_74.jpg,4
75,test_75.jpg,4
76,test_76.jpg,4
77,test_77.jpg,3
78,test_78.jpg,2
79,test_79.jpg,0
80,test_80.jpg,4
81,test_81.jpg,2
82,test_82.jpg,1
83,test_83.jpg,8
84,test_84.jpg,5
85,test_85.jpg,8
86,test_86.jpg,2
87,test_87.jpg,4
88,test_88.jpg,11
89,test_89.jpg,1
90,test_90.jpg,8
91,test_91.jpg,4
92,test_92.jpg,2
93,test_93.jpg,2
94,test_94.jpg,4
95,test_95.jpg,11
96,test_96.jpg,1
97,test_97.jpg,4
98,test_98.jpg,4
99,test_99.jpg,4
100,test_100.jpg,4
101,test_101.jpg,4
102,test_102.jpg,10
103,test_103.jpg,4
104,test_104.jpg,4
105,test_105.jpg,1
106,test_106.jpg,11
107,test_107.jpg,10
108,test_108.jpg,1
109,test_109.jpg,12
110,test_110.jpg,4
111,test_111.jpg,4
112,test_112.jpg,11
113,test_113.jpg,4
114,test_114.jpg,4
115,test_115.jpg,4
116,test_116.jpg,9
117,test_117.jpg,9
118,test_118.jpg,2
119,test_119.jpg,4
120,test_120.jpg,10
121,test_121.jpg,4
122,test_122.jpg,1
123,test_123.jpg,9
124,test_124.jpg,4
125,test_125.jpg,5
126,test_126.jpg,2
127,test_127.jpg,10
128,test_128.jpg,2
129,test_129.jpg,11
130,test_130.jpg,10
131,test_131.jpg,8
132,test_132.jpg,1
133,test_133.jpg,2
134,test_134.jpg,1
135,test_135.jpg,1
136,test_136.jpg,4
137,test_137.jpg,2
138,test_138.jpg,5
139,test_139.jpg,11
140,test_140.jpg,4
141,test_141.jpg,1
142,test_142.jpg,10
143,test_143.jpg,8
144,test_144.jpg,10
145,test_145.jpg,10
146,test_146.jpg,10
147,test_147.jpg,5
148,test_148.jpg,10
149,test_149.jpg,9
150,test_150.jpg,11
151,test_151.jpg,1
152,test_152.jpg,2
153,test_153.jpg,2
154,test_154.jpg,5
155,test_155.jpg,2
156,test_156.jpg,1
157,test_157.jpg,1
158,test_158.jpg,11
159,test_159.jpg,10
160,test_160.jpg,4
161,test_161.jpg,1
162,test_162.jpg,10
163,test_163.jpg,5
164,test_164.jpg,4
165,test_165.jpg,4
166,test_166.jpg,11
167,test_167.jpg,2
168,test_168.jpg,4
169,test_169.jpg,1
170,test_170.jpg,2
171,test_171.jpg,2
172,test_172.jpg,4
173,test_173.jpg,2
174,test_174.jpg,4
175,test_175.jpg,2
176,test_176.jpg,2
177,test_177.jpg,4
178,test_178.jpg,2
179,test_179.jpg,2
180,test_180.jpg,4
181,test_181.jpg,2
182,test_182.jpg,11
183,test_183.jpg,2
184,test_184.jpg,2
185,test_185.jpg,2
186,test_186.jpg,8
187,test_187.jpg,4
188,test_188.jpg,10
189,test_189.jpg,2
190,test_190.jpg,5
191,test_191.jpg,2
192,test_192.jpg,2
193,test_193.jpg,4
194,test_194.jpg,2
195,test_195.jpg,12
196,test_196.jpg,10
197,test_197.jpg,2
198,test_198.jpg,4
199,test_199.jpg,2
200,test_200.jpg,11
201,test_201.jpg,10
202,test_202.jpg,4
203,test_203.jpg,4
204,test_204.jpg,4
205,test_205.jpg,2
206,test_206.jpg,4
207,test_207.jpg,2
208,test_208.jpg,1
209,test_209.jpg,4
210,test_210.jpg,4
211,test_211.jpg,2
212,test_212.jpg,4
213,test_213.jpg,2
214,test_214.jpg,4
215,test_215.jpg,11
216,test_216.jpg,2
217,test_217.jpg,4
218,test_218.jpg,4
219,test_219.jpg,2
220,test_220.jpg,4
221,test_221.jpg,4
222,test_222.jpg,2
223,test_223.jpg,2
224,test_224.jpg,5
225,test_225.jpg,2
226,test_226.jpg,2
227,test_227.jpg,11
228,test_228.jpg,2
229,test_229.jpg,2
230,test_230.jpg,2
231,test_231.jpg,2
232,test_232.jpg,4
233,test_233.jpg,4
234,test_234.jpg,2
235,test_235.jpg,2
236,test_236.jpg,4
237,test_237.jpg,4
238,test_238.jpg,2
239,test_239.jpg,4
240,test_240.jpg,2
241,test_241.jpg,11
242,test_242.jpg,2
243,test_243.jpg,10
244,test_244.jpg,11
245,test_245.jpg,2
246,test_246.jpg,2
247,test_247.jpg,2
248,test_248.jpg,2
249,test_249.jpg,4
250,test_250.jpg,5
251,test_251.jpg,2
252,test_252.jpg,2
253,test_253.jpg,2
254,test_254.jpg,2
255,test_255.jpg,3
256,test_256.jpg,11
257,test_257.jpg,2
258,test_258.jpg,2
259,test_259.jpg,5
260,test_260.jpg,4
261,test_261.jpg,2
262,test_262.jpg,2
263,test_263.jpg,3
264,test_264.jpg,2
265,test_265.jpg,11
266,test_266.jpg,6
267,test_267.jpg,4
268,test_268.jpg,11
269,test_269.jpg,2
270,test_270.jpg,2
271,test_271.jpg,1
272,test_272.jpg,5
273,test_273.jpg,3
274,test_274.jpg,1
275,test_275.jpg,3
276,test_276.jpg,2
277,test_277.jpg,12
278,test_278.jpg,2
279,test_279.jpg,4
280,test_280.jpg,11
281,test_281.jpg,3
282,test_282.jpg,11
283,test_283.jpg,3
284,test_284.jpg,7
285,test_285.jpg,6
286,test_286.jpg,11
287,test_287.jpg,4
288,test_288.jpg,8
289,test_289.jpg,3
290,test_290.jpg,2
291,test_291.jpg,3
292,test_292.jpg,4
293,test_293.jpg,11
294,test_294.jpg,4
295,test_295.jpg,5
296,test_296.jpg,12
297,test_297.jpg,4
298,test_298.jpg,11
299,test_299.jpg,11
300,test_300.jpg,4
301,test_301.jpg,11
302,test_302.jpg,11
303,test_303.jpg,11
304,test_304.jpg,3
305,test_305.jpg,8
306,test_306.jpg,11
307,test_307.jpg,2
308,test_308.jpg,12
309,test_309.jpg,4
310,test_310.jpg,2
311,test_311.jpg,4
312,test_312.jpg,11
313,test_313.jpg,8
314,test_314.jpg,1
315,test_315.jpg,3
316,test_316.jpg,5
317,test_317.jpg,11
318,test_318.jpg,4
319,test_319.jpg,2
320,test_320.jpg,11
321,test_321.jpg,2
322,test_322.jpg,4
323,test_323.jpg,7
324,test_324.jpg,6
325,test_325.jpg,3
326,test_326.jpg,11
327,test_327.jpg,12
328,test_328.jpg,6
329,test_329.jpg,2
330,test_330.jpg,4
331,test_331.jpg,4
332,test_332.jpg,11
333,test_333.jpg,12
334,test_334.jpg,6
335,test_335.jpg,6
336,test_336.jpg,8
337,test_337.jpg,6
338,test_338.jpg,3
339,test_339.jpg,11
340,test_340.jpg,4
341,test_341.jpg,4
342,test_342.jpg,4
343,test_343.jpg,4
344,test_344.jpg,4
345,test_345.jpg,8
346,test_346.jpg,4
347,test_347.jpg,4
348,test_348.jpg,4
349,test_349.jpg,4
350,test_350.jpg,4
351,test_351.jpg,4
352,test_352.jpg,4
353,test_353.jpg,4
354,test_354.jpg,4
355,test_355.jpg,4
356,test_356.jpg,4
357,test_357.jpg,4
358,test_358.jpg,4
359,test_359.jpg,4
360,test_360.jpg,5
361,test_361.jpg,4
362,test_362.jpg,4
363,test_363.jpg,4
364,test_364.jpg,2
365,test_365.jpg,4
366,test_366.jpg,12
367,test_367.jpg,4
368,test_368.jpg,11
369,test_369.jpg,11
370,test_370.jpg,4
371,test_371.jpg,4
372,test_372.jpg,4
373,test_373.jpg,4
374,test_374.jpg,4
375,test_375.jpg,4
376,test_376.jpg,2
377,test_377.jpg,4
378,test_378.jpg,4
379,test_379.jpg,4
380,test_380.jpg,4
381,test_381.jpg,4
382,test_382.jpg,4
383,test_383.jpg,4
384,test_384.jpg,4
385,test_385.jpg,4
386,test_386.jpg,4
387,test_387.jpg,4
388,test_388.jpg,4
389,test_389.jpg,4
390,test_390.jpg,4
391,test_391.jpg,2
392,test_392.jpg,4
393,test_393.jpg,4
394,test_394.jpg,4
395,test_395.jpg,10
396,test_396.jpg,4
397,test_397.jpg,2
398,test_398.jpg,4
399,test_399.jpg,4
400,test_400.jpg,4
401,test_401.jpg,4
402,test_402.jpg,4
403,test_403.jpg,5
404,test_404.jpg,2
405,test_405.jpg,10
406,test_406.jpg,4
407,test_407.jpg,4
408,test_408.jpg,4
409,test_409.jpg,2
410,test_410.jpg,4
411,test_411.jpg,1
412,test_412.jpg,4
413,test_413.jpg,4
414,test_414.jpg,4
415,test_415.jpg,2
416,test_416.jpg,4
417,test_417.jpg,11
418,test_418.jpg,4
419,test_419.jpg,4
420,test_420.jpg,4
421,test_421.jpg,4
422,test_422.jpg,4
423,test_423.jpg,4
424,test_424.jpg,4
425,test_425.jpg,5
426,test_426.jpg,2
427,test_427.jpg,10
428,test_428.jpg,2
429,test_429.jpg,2
430,test_430.jpg,5
431,test_431.jpg,5
432,test_432.jpg,2
433,test_433.jpg,5
434,test_434.jpg,11
435,test_435.jpg,0
436,test_436.jpg,5
437,test_437.jpg,4
438,test_438.jpg,5
439,test_439.jpg,5
440,test_440.jpg,5
441,test_441.jpg,1
442,test_442.jpg,9
443,test_443.jpg,2
444,test_444.jpg,4
445,test_445.jpg,4
446,test_446.jpg,4
447,test_447.jpg,5
448,test_448.jpg,4
449,test_449.jpg,11
450,test_450.jpg,9
451,test_451.jpg,11
452,test_452.jpg,11
453,test_453.jpg,10
454,test_454.jpg,2
455,test_455.jpg,10
456,test_456.jpg,4
457,test_457.jpg,4
458,test_458.jpg,5
459,test_459.jpg,2
460,test_460.jpg,2
461,test_461.jpg,4
462,test_462.jpg,5
463,test_463.jpg,2
464,test_464.jpg,4
465,test_465.jpg,5
466,test_466.jpg,4
467,test_467.jpg,2
468,test_468.jpg,5
469,test_469.jpg,9
470,test_470.jpg,4
471,test_471.jpg,5
472,test_472.jpg,12
473,test_473.jpg,4
474,test_474.jpg,5
475,test_475.jpg,4
476,test_476.jpg,4
477,test_477.jpg,10
478,test_478.jpg,11
479,test_479.jpg,12
480,test_480.jpg,5
481,test_481.jpg,4
482,test_482.jpg,1
483,test_483.jpg,5
484,test_484.jpg,2
485,test_485.jpg,5
486,test_486.jpg,4
487,test_487.jpg,5
488,test_488.jpg,4
489,test_489.jpg,11
490,test_490.jpg,5
491,test_491.jpg,2
492,test_492.jpg,11
493,test_493.jpg,10
494,test_494.jpg,8
495,test_495.jpg,4
496,test_496.jpg,2
497,test_497.jpg,5
498,test_498.jpg,4
499,test_499.jpg,9
500,test_500.jpg,2
501,test_501.jpg,2
502,test_502.jpg,11
503,test_503.jpg,5
504,test_504.jpg,11
505,test_505.jpg,2
506,test_506.jpg,9
507,test_507.jpg,4
508,test_508.jpg,5
509,test_509.jpg,11
510,test_510.jpg,4
511,test_511.jpg,6
512,test_512.jpg,4
513,test_513.jpg,4
514,test_514.jpg,2
515,test_515.jpg,4
516,test_516.jpg,5
517,test_517.jpg,4
518,test_518.jpg,5
519,test_519.jpg,2
520,test_520.jpg,11
521,test_521.jpg,4
522,test_522.jpg,2
523,test_523.jpg,2
524,test_524.jpg,4
525,test_525.jpg,2
526,test_526.jpg,4
527,test_527.jpg,5
528,test_528.jpg,2
529,test_529.jpg,4
530,test_530.jpg,1
531,test_531.jpg,4
532,test_532.jpg,3
533,test_533.jpg,4
534,test_534.jpg,8
535,test_535.jpg,4
536,test_536.jpg,5
537,test_537.jpg,4
538,test_538.jpg,6
539,test_539.jpg,2
540,test_540.jpg,4
541,test_541.jpg,6
542,test_542.jpg,2
543,test_543.jpg,4
544,test_544.jpg,4
545,test_545.jpg,4
546,test_546.jpg,4
547,test_547.jpg,3
548,test_548.jpg,4
549,test_549.jpg,4
550,test_550.jpg,2
551,test_551.jpg,2
552,test_552.jpg,11
553,test_553.jpg,11
554,test_554.jpg,6
555,test_555.jpg,4
556,test_556.jpg,0
557,test_557.jpg,4
558,test_558.jpg,4
559,test_559.jpg,11
560,test_560.jpg,4
561,test_561.jpg,4
562,test_562.jpg,6
563,test_563.jpg,1
564,test_564.jpg,2
565,test_565.jpg,4
566,test_566.jpg,2
567,test_567.jpg,10
568,test_568.jpg,4
569,test_569.jpg,4
570,test_570.jpg,2
571,test_571.jpg,4
572,test_572.jpg,4
573,test_573.jpg,2
574,test_574.jpg,2
575,test_575.jpg,2
576,test_576.jpg,11
577,test_577.jpg,4
578,test_578.jpg,4
579,test_579.jpg,4
580,test_580.jpg,4
581,test_581.jpg,2
582,test_582.jpg,4
583,test_583.jpg,11
584,test_584.jpg,0
585,test_585.jpg,5
586,test_586.jpg,10
587,test_587.jpg,6
588,test_588.jpg,6
589,test_589.jpg,4
590,test_590.jpg,2
591,test_591.jpg,4
592,test_592.jpg,11
593,test_593.jpg,6
594,test_594.jpg,2
595,test_595.jpg,4
596,test_596.jpg,4
597,test_597.jpg,7
598,test_598.jpg,11
599,test_599.jpg,0
600,test_600.jpg,7
601,test_601.jpg,4
602,test_602.jpg,4
603,test_603.jpg,11
604,test_604.jpg,2
605,test_605.jpg,2
606,test_606.jpg,2
607,test_607.jpg,4
608,test_608.jpg,10
609,test_609.jpg,4
610,test_610.jpg,7
611,test_611.jpg,7
612,test_612.jpg,11
613,test_613.jpg,10
614,test_614.jpg,2
615,test_615.jpg,1
616,test_616.jpg,4
617,test_617.jpg,5
618,test_618.jpg,2
619,test_619.jpg,4
620,test_620.jpg,2
621,test_621.jpg,5
622,test_622.jpg,2
623,test_623.jpg,11
624,test_624.jpg,4
625,test_625.jpg,10
626,test_626.jpg,7
627,test_627.jpg,4
628,test_628.jpg,7
629,test_629.jpg,11
630,test_630.jpg,4
631,test_631.jpg,4
632,test_632.jpg,7
633,test_633.jpg,11
634,test_634.jpg,10
635,test_635.jpg,7
636,test_636.jpg,4
637,test_637.jpg,2
638,test_638.jpg,4
639,test_639.jpg,7
640,test_640.jpg,4
641,test_641.jpg,2
642,test_642.jpg,4
643,test_643.jpg,7
644,test_644.jpg,7
645,test_645.jpg,2
646,test_646.jpg,4
647,test_647.jpg,11
648,test_648.jpg,7
649,test_649.jpg,7
650,test_650.jpg,2
651,test_651.jpg,10
652,test_652.jpg,7
653,test_653.jpg,6
654,test_654.jpg,4
655,test_655.jpg,11
656,test_656.jpg,4
657,test_657.jpg,7
658,test_658.jpg,2
659,test_659.jpg,2
660,test_660.jpg,7
661,test_661.jpg,7
662,test_662.jpg,7
663,test_663.jpg,4
664,test_664.jpg,11
665,test_665.jpg,7
666,test_666.jpg,7
667,test_667.jpg,4
668,test_668.jpg,10
669,test_669.jpg,11
670,test_670.jpg,11
671,test_671.jpg,4
672,test_672.jpg,5
673,test_673.jpg,4
674,test_674.jpg,4
675,test_675.jpg,4
676,test_676.jpg,2
677,test_677.jpg,11
678,test_678.jpg,2
679,test_679.jpg,4
680,test_680.jpg,4
681,test_681.jpg,8
682,test_682.jpg,4
683,test_683.jpg,10
684,test_684.jpg,2
685,test_685.jpg,8
686,test_686.jpg,4
687,test_687.jpg,8
688,test_688.jpg,4
689,test_689.jpg,8
690,test_690.jpg,8
691,test_691.jpg,10
692,test_692.jpg,2
693,test_693.jpg,10
694,test_694.jpg,2
695,test_695.jpg,4
696,test_696.jpg,8
697,test_697.jpg,4
698,test_698.jpg,4
699,test_699.jpg,12
700,test_700.jpg,10
701,test_701.jpg,8
702,test_702.jpg,11
703,test_703.jpg,2
704,test_704.jpg,10
705,test_705.jpg,8
706,test_706.jpg,8
707,test_707.jpg,2
708,test_708.jpg,2
709,test_709.jpg,2
710,test_710.jpg,2
711,test_711.jpg,11
712,test_712.jpg,2
713,test_713.jpg,8
714,test_714.jpg,11
715,test_715.jpg,2
716,test_716.jpg,4
717,test_717.jpg,11
718,test_718.jpg,4
719,test_719.jpg,6
720,test_720.jpg,4
721,test_721.jpg,8
722,test_722.jpg,11
723,test_723.jpg,11
724,test_724.jpg,10
725,test_725.jpg,6
726,test_726.jpg,5
727,test_727.jpg,10
728,test_728.jpg,4
729,test_729.jpg,4
730,test_730.jpg,8
731,test_731.jpg,1
732,test_732.jpg,11
733,test_733.jpg,4
734,test_734.jpg,10
735,test_735.jpg,8
736,test_736.jpg,8
737,test_737.jpg,11
738,test_738.jpg,8
739,test_739.jpg,10
740,test_740.jpg,10
741,test_741.jpg,4
742,test_742.jpg,10
743,test_743.jpg,8
744,test_744.jpg,8
745,test_745.jpg,11
746,test_746.jpg,10
747,test_747.jpg,8
748,test_748.jpg,8
749,test_749.jpg,8
750,test_750.jpg,8
751,test_751.jpg,4
752,test_752.jpg,8
753,test_753.jpg,8
754,test_754.jpg,10
755,test_755.jpg,10
756,test_756.jpg,4
757,test_757.jpg,4
758,test_758.jpg,11
759,test_759.jpg,8
760,test_760.jpg,2
761,test_761.jpg,8
762,test_762.jpg,8
763,test_763.jpg,4
764,test_764.jpg,4
765,test_765.jpg,10
766,test_766.jpg,4
767,test_767.jpg,11
768,test_768.jpg,1
769,test_769.jpg,11
770,test_770.jpg,11
771,test_771.jpg,4
772,test_772.jpg,1
773,test_773.jpg,10
774,test_774.jpg,3
775,test_775.jpg,1
776,test_776.jpg,9
777,test_777.jpg,2
778,test_778.jpg,2
779,test_779.jpg,9
780,test_780.jpg,4
781,test_781.jpg,2
782,test_782.jpg,10
783,test_783.jpg,1
784,test_784.jpg,11
785,test_785.jpg,1
786,test_786.jpg,11
787,test_787.jpg,4
788,test_788.jpg,4
789,test_789.jpg,0
790,test_790.jpg,4
791,test_791.jpg,11
792,test_792.jpg,4
793,test_793.jpg,2
794,test_794.jpg,4
795,test_795.jpg,7
796,test_796.jpg,2
797,test_797.jpg,2
798,test_798.jpg,9
799,test_799.jpg,11
800,test_800.jpg,9
801,test_801.jpg,9
802,test_802.jpg,8
803,test_803.jpg,11
804,test_804.jpg,10
805,test_805.jpg,2
806,test_806.jpg,4
807,test_807.jpg,8
808,test_808.jpg,0
809,test_809.jpg,11
810,test_810.jpg,2
811,test_811.jpg,4
812,test_812.jpg,5
813,test_813.jpg,5
814,test_814.jpg,11
815,test_815.jpg,4
816,test_816.jpg,4
817,test_817.jpg,10
818,test_818.jpg,10
819,test_819.jpg,10
820,test_820.jpg,4
821,test_821.jpg,4
822,test_822.jpg,4
823,test_823.jpg,10
824,test_824.jpg,2
825,test_825.jpg,2
826,test_826.jpg,4
827,test_827.jpg,8
828,test_828.jpg,2
829,test_829.jpg,10
830,test_830.jpg,4
831,test_831.jpg,4
832,test_832.jpg,4
833,test_833.jpg,9
834,test_834.jpg,10
835,test_835.jpg,11
836,test_836.jpg,2
837,test_837.jpg,5
838,test_838.jpg,5
839,test_839.jpg,9
840,test_840.jpg,5
841,test_841.jpg,5
842,test_842.jpg,11
843,test_843.jpg,4
844,test_844.jpg,4
845,test_845.jpg,7
846,test_846.jpg,11
847,test_847.jpg,11
848,test_848.jpg,4
849,test_849.jpg,11
850,test_850.jpg,10
851,test_851.jpg,10
852,test_852.jpg,1
853,test_853.jpg,10
854,test_854.jpg,2
855,test_855.jpg,8
856,test_856.jpg,11
857,test_857.jpg,8
858,test_858.jpg,2
859,test_859.jpg,2
860,test_860.jpg,10
861,test_861.jpg,4
862,test_862.jpg,10
863,test_863.jpg,4
864,test_864.jpg,10
865,test_865.jpg,10
866,test_866.jpg,2
867,test_867.jpg,4
868,test_868.jpg,2
869,test_869.jpg,10
870,test_870.jpg,10
871,test_871.jpg,10
872,test_872.jpg,10
873,test_873.jpg,4
874,test_874.jpg,10
875,test_875.jpg,10
876,test_876.jpg,10
877,test_877.jpg,4
878,test_878.jpg,2
879,test_879.jpg,8
880,test_880.jpg,4
881,test_881.jpg,4
882,test_882.jpg,10
883,test_883.jpg,10
884,test_884.jpg,10
885,test_885.jpg,2
886,test_886.jpg,10
887,test_887.jpg,10
888,test_888.jpg,5
889,test_889.jpg,10
890,test_890.jpg,4
891,test_891.jpg,10
892,test_892.jpg,10
893,test_893.jpg,10
894,test_894.jpg,8
895,test_895.jpg,10
896,test_896.jpg,10
897,test_897.jpg,10
898,test_898.jpg,5
899,test_899.jpg,4
900,test_900.jpg,10
901,test_901.jpg,10
902,test_902.jpg,1
903,test_903.jpg,8
904,test_904.jpg,10
905,test_905.jpg,10
906,test_906.jpg,8
907,test_907.jpg,5
908,test_908.jpg,10
909,test_909.jpg,10
910,test_910.jpg,10
911,test_911.jpg,4
912,test_912.jpg,10
913,test_913.jpg,10
914,test_914.jpg,10
915,test_915.jpg,2
916,test_916.jpg,8
917,test_917.jpg,10
918,test_918.jpg,10
919,test_919.jpg,1
920,test_920.jpg,10
921,test_921.jpg,8
922,test_922.jpg,10
923,test_923.jpg,11
924,test_924.jpg,10
925,test_925.jpg,4
926,test_926.jpg,10
927,test_927.jpg,8
928,test_928.jpg,10
929,test_929.jpg,10
930,test_930.jpg,8
931,test_931.jpg,10
932,test_932.jpg,10
933,test_933.jpg,2
934,test_934.jpg,10
935,test_935.jpg,1
936,test_936.jpg,11
937,test_937.jpg,11
938,test_938.jpg,11
939,test_939.jpg,11
940,test_940.jpg,11
941,test_941.jpg,11
942,test_942.jpg,2
943,test_943.jpg,4
944,test_944.jpg,1
945,test_945.jpg,0
946,test_946.jpg,11
947,test_947.jpg,0
948,test_948.jpg,5
949,test_949.jpg,11
950,test_950.jpg,11
951,test_951.jpg,11
952,test_952.jpg,11
953,test_953.jpg,2
954,test_954.jpg,11
955,test_955.jpg,11
956,test_956.jpg,10
957,test_957.jpg,11
958,test_958.jpg,4
959,test_959.jpg,11
960,test_960.jpg,2
961,test_961.jpg,11
962,test_962.jpg,11
963,test_963.jpg,11
964,test_964.jpg,11
965,test_965.jpg,2
966,test_966.jpg,11
967,test_967.jpg,4
968,test_968.jpg,11
969,test_969.jpg,11
970,test_970.jpg,2
971,test_971.jpg,11
972,test_972.jpg,11
973,test_973.jpg,2
974,test_974.jpg,4
975,test_975.jpg,2
976,test_976.jpg,11
977,test_977.jpg,4
978,test_978.jpg,11
979,test_979.jpg,4
980,test_980.jpg,11
981,test_981.jpg,4
982,test_982.jpg,4
983,test_983.jpg,2
984,test_984.jpg,11
985,test_985.jpg,2
986,test_986.jpg,2
987,test_987.jpg,2
988,test_988.jpg,4
989,test_989.jpg,2
990,test_990.jpg,11
991,test_991.jpg,11
992,test_992.jpg,2
993,test_993.jpg,11
994,test_994.jpg,4
995,test_995.jpg,4
996,test_996.jpg,11
997,test_997.jpg,2
998,test_998.jpg,11
999,test_999.jpg,4
1000,test_1000.jpg,4
1001,test_1001.jpg,9
1002,test_1002.jpg,2
1003,test_1003.jpg,2
1004,test_1004.jpg,11
1005,test_1005.jpg,4
1006,test_1006.jpg,4
1007,test_1007.jpg,8
1008,test_1008.jpg,11
1009,test_1009.jpg,11
1010,test_1010.jpg,4
1011,test_1011.jpg,12
1012,test_1012.jpg,11
1013,test_1013.jpg,11
1014,test_1014.jpg,4
1015,test_1015.jpg,2
1016,test_1016.jpg,10
1017,test_1017.jpg,11
1018,test_1018.jpg,6
1019,test_1019.jpg,11
1020,test_1020.jpg,8
1021,test_1021.jpg,12
1022,test_1022.jpg,12
1023,test_1023.jpg,2
1024,test_1024.jpg,12
1025,test_1025.jpg,2
1026,test_1026.jpg,2
1027,test_1027.jpg,4
1028,test_1028.jpg,2
1029,test_1029.jpg,1
1030,test_1030.jpg,12
1031,test_1031.jpg,1
1032,test_1032.jpg,11
1033,test_1033.jpg,1
1034,test_1034.jpg,2
1035,test_1035.jpg,2
1036,test_1036.jpg,0
1037,test_1037.jpg,5
1038,test_1038.jpg,4
1039,test_1039.jpg,2
1040,test_1040.jpg,2
1041,test_1041.jpg,2
1042,test_1042.jpg,12
1043,test_1043.jpg,12
1044,test_1044.jpg,12
1045,test_1045.jpg,1
1046,test_1046.jpg,4
1047,test_1047.jpg,4
1048,test_1048.jpg,1
1049,test_1049.jpg,5
1050,test_1050.jpg,3
1051,test_1051.jpg,2
1052,test_1052.jpg,2
1053,test_1053.jpg,11
1054,test_1054.jpg,2
1055,test_1055.jpg,4
1056,test_1056.jpg,12
1057,test_1057.jpg,5
1058,test_1058.jpg,10
1059,test_1059.jpg,4
1060,test_1060.jpg,2
1061,test_1061.jpg,10
1062,test_1062.jpg,1
1063,test_1063.jpg,4
1064,test_1064.jpg,2
1065,test_1065.jpg,2
1066,test_1066.jpg,2
1067,test_1067.jpg,2
1068,test_1068.jpg,2
1069,test_1069.jpg,4
1070,test_1070.jpg,2
1071,test_1071.jpg,11
1072,test_1072.jpg,12
1073,test_1073.jpg,1
1074,test_1074.jpg,8
1075,test_1075.jpg,4
1076,test_1076.jpg,4
1077,test_1077.jpg,10
1078,test_1078.jpg,12
1079,test_1079.jpg,2
1080,test_1080.jpg,4
1081,test_1081.jpg,1
1082,test_1082.jpg,9
1083,test_1083.jpg,4
1084,test_1084.jpg,4
1085,test_1085.jpg,11
1086,test_1086.jpg,12
1087,test_1087.jpg,2
1088,test_1088.jpg,4
1089,test_1089.jpg,4
1090,test_1090.jpg,4
1091,test_1091.jpg,2
1092,test_1092.jpg,4
1093,test_1093.jpg,11
1094,test_1094.jpg,4
1095,test_1095.jpg,4
1096,test_1096.jpg,2
1097,test_1097.jpg,4
1098,test_1098.jpg,4
1099,test_1099.jpg,2
1100,test_1100.jpg,5
1101,test_1101.jpg,10
1102,test_1102.jpg,1
1103,test_1103.jpg,2
1104,test_1104.jpg,2
