,img,predictions
0,test_0.jpg,8
1,test_1.jpg,2
2,test_2.jpg,0
3,test_3.jpg,1
4,test_4.jpg,11
5,test_5.jpg,2
6,test_6.jpg,2
7,test_7.jpg,12
8,test_8.jpg,4
9,test_9.jpg,4
10,test_10.jpg,10
11,test_11.jpg,1
12,test_12.jpg,0
13,test_13.jpg,11
14,test_14.jpg,4
15,test_15.jpg,0
16,test_16.jpg,4
17,test_17.jpg,8
18,test_18.jpg,1
19,test_19.jpg,4
20,test_20.jpg,2
21,test_21.jpg,1
22,test_22.jpg,10
23,test_23.jpg,6
24,test_24.jpg,4
25,test_25.jpg,10
26,test_26.jpg,11
27,test_27.jpg,4
28,test_28.jpg,6
29,test_29.jpg,4
30,test_30.jpg,11
31,test_31.jpg,8
32,test_32.jpg,6
33,test_33.jpg,4
34,test_34.jpg,0
35,test_35.jpg,4
36,test_36.jpg,1
37,test_37.jpg,0
38,test_38.jpg,5
39,test_39.jpg,4
40,test_40.jpg,6
41,test_41.jpg,0
42,test_42.jpg,12
43,test_43.jpg,11
44,test_44.jpg,4
45,test_45.jpg,0
46,test_46.jpg,2
47,test_47.jpg,11
48,test_48.jpg,10
49,test_49.jpg,8
50,test_50.jpg,5
51,test_51.jpg,12
52,test_52.jpg,11
53,test_53.jpg,12
54,test_54.jpg,10
55,test_55.jpg,4
56,test_56.jpg,6
57,test_57.jpg,4
58,test_58.jpg,2
59,test_59.jpg,12
60,test_60.jpg,4
61,test_61.jpg,12
62,test_62.jpg,6
63,test_63.jpg,11
64,test_64.jpg,4
65,test_65.jpg,10
66,test_66.jpg,4
67,test_67.jpg,11
68,test_68.jpg,12
69,test_69.jpg,11
70,test_70.jpg,10
71,test_71.jpg,1
72,test_72.jpg,10
73,test_73.jpg,12
74,test_74.jpg,0
75,test_75.jpg,11
76,test_76.jpg,11
77,test_77.jpg,1
78,test_78.jpg,8
79,test_79.jpg,5
80,test_80.jpg,4
81,test_81.jpg,4
82,test_82.jpg,11
83,test_83.jpg,8
84,test_84.jpg,4
85,test_85.jpg,8
86,test_86.jpg,11
87,test_87.jpg,4
88,test_88.jpg,12
89,test_89.jpg,9
90,test_90.jpg,7
91,test_91.jpg,1
92,test_92.jpg,0
93,test_93.jpg,10
94,test_94.jpg,12
95,test_95.jpg,1
96,test_96.jpg,10
97,test_97.jpg,8
98,test_98.jpg,4
99,test_99.jpg,1
100,test_100.jpg,2
101,test_101.jpg,6
102,test_102.jpg,4
103,test_103.jpg,2
104,test_104.jpg,5
105,test_105.jpg,8
106,test_106.jpg,2
107,test_107.jpg,1
108,test_108.jpg,11
109,test_109.jpg,11
110,test_110.jpg,0
111,test_111.jpg,5
112,test_112.jpg,12
113,test_113.jpg,2
114,test_114.jpg,12
115,test_115.jpg,4
116,test_116.jpg,1
117,test_117.jpg,10
118,test_118.jpg,1
119,test_119.jpg,1
120,test_120.jpg,2
121,test_121.jpg,11
122,test_122.jpg,10
123,test_123.jpg,1
124,test_124.jpg,11
125,test_125.jpg,2
126,test_126.jpg,2
127,test_127.jpg,11
128,test_128.jpg,1
129,test_129.jpg,11
130,test_130.jpg,2
131,test_131.jpg,8
132,test_132.jpg,10
133,test_133.jpg,4
134,test_134.jpg,2
135,test_135.jpg,0
136,test_136.jpg,6
137,test_137.jpg,10
138,test_138.jpg,4
139,test_139.jpg,0
140,test_140.jpg,7
141,test_141.jpg,1
142,test_142.jpg,9
143,test_143.jpg,8
144,test_144.jpg,2
145,test_145.jpg,10
146,test_146.jpg,11
147,test_147.jpg,2
148,test_148.jpg,9
149,test_149.jpg,10
150,test_150.jpg,6
151,test_151.jpg,2
152,test_152.jpg,6
153,test_153.jpg,1
154,test_154.jpg,5
155,test_155.jpg,10
156,test_156.jpg,3
157,test_157.jpg,1
158,test_158.jpg,1
159,test_159.jpg,10
160,test_160.jpg,9
161,test_161.jpg,2
162,test_162.jpg,11
163,test_163.jpg,6
164,test_164.jpg,1
165,test_165.jpg,2
166,test_166.jpg,5
167,test_167.jpg,2
168,test_168.jpg,1
169,test_169.jpg,6
170,test_170.jpg,2
171,test_171.jpg,2
172,test_172.jpg,10
173,test_173.jpg,2
174,test_174.jpg,0
175,test_175.jpg,11
176,test_176.jpg,2
177,test_177.jpg,6
178,test_178.jpg,6
179,test_179.jpg,2
180,test_180.jpg,2
181,test_181.jpg,2
182,test_182.jpg,11
183,test_183.jpg,2
184,test_184.jpg,5
185,test_185.jpg,2
186,test_186.jpg,8
187,test_187.jpg,2
188,test_188.jpg,10
189,test_189.jpg,2
190,test_190.jpg,5
191,test_191.jpg,2
192,test_192.jpg,2
193,test_193.jpg,4
194,test_194.jpg,4
195,test_195.jpg,2
196,test_196.jpg,10
197,test_197.jpg,2
198,test_198.jpg,4
199,test_199.jpg,2
200,test_200.jpg,2
201,test_201.jpg,2
202,test_202.jpg,10
203,test_203.jpg,2
204,test_204.jpg,5
205,test_205.jpg,2
206,test_206.jpg,4
207,test_207.jpg,2
208,test_208.jpg,12
209,test_209.jpg,2
210,test_210.jpg,11
211,test_211.jpg,2
212,test_212.jpg,2
213,test_213.jpg,2
214,test_214.jpg,4
215,test_215.jpg,1
216,test_216.jpg,2
217,test_217.jpg,0
218,test_218.jpg,5
219,test_219.jpg,12
220,test_220.jpg,5
221,test_221.jpg,4
222,test_222.jpg,2
223,test_223.jpg,2
224,test_224.jpg,5
225,test_225.jpg,4
226,test_226.jpg,2
227,test_227.jpg,11
228,test_228.jpg,4
229,test_229.jpg,2
230,test_230.jpg,2
231,test_231.jpg,11
232,test_232.jpg,4
233,test_233.jpg,2
234,test_234.jpg,12
235,test_235.jpg,2
236,test_236.jpg,2
237,test_237.jpg,4
238,test_238.jpg,11
239,test_239.jpg,4
240,test_240.jpg,12
241,test_241.jpg,1
242,test_242.jpg,2
243,test_243.jpg,1
244,test_244.jpg,4
245,test_245.jpg,2
246,test_246.jpg,2
247,test_247.jpg,2
248,test_248.jpg,2
249,test_249.jpg,11
250,test_250.jpg,2
251,test_251.jpg,2
252,test_252.jpg,4
253,test_253.jpg,2
254,test_254.jpg,4
255,test_255.jpg,1
256,test_256.jpg,11
257,test_257.jpg,7
258,test_258.jpg,7
259,test_259.jpg,11
260,test_260.jpg,4
261,test_261.jpg,12
262,test_262.jpg,2
263,test_263.jpg,12
264,test_264.jpg,2
265,test_265.jpg,11
266,test_266.jpg,2
267,test_267.jpg,12
268,test_268.jpg,12
269,test_269.jpg,12
270,test_270.jpg,7
271,test_271.jpg,6
272,test_272.jpg,5
273,test_273.jpg,4
274,test_274.jpg,11
275,test_275.jpg,3
276,test_276.jpg,12
277,test_277.jpg,12
278,test_278.jpg,4
279,test_279.jpg,4
280,test_280.jpg,2
281,test_281.jpg,3
282,test_282.jpg,2
283,test_283.jpg,8
284,test_284.jpg,12
285,test_285.jpg,12
286,test_286.jpg,10
287,test_287.jpg,6
288,test_288.jpg,12
289,test_289.jpg,3
290,test_290.jpg,6
291,test_291.jpg,3
292,test_292.jpg,7
293,test_293.jpg,12
294,test_294.jpg,2
295,test_295.jpg,5
296,test_296.jpg,12
297,test_297.jpg,6
298,test_298.jpg,3
299,test_299.jpg,12
300,test_300.jpg,3
301,test_301.jpg,6
302,test_302.jpg,3
303,test_303.jpg,12
304,test_304.jpg,3
305,test_305.jpg,11
306,test_306.jpg,11
307,test_307.jpg,2
308,test_308.jpg,11
309,test_309.jpg,6
310,test_310.jpg,10
311,test_311.jpg,2
312,test_312.jpg,3
313,test_313.jpg,12
314,test_314.jpg,3
315,test_315.jpg,12
316,test_316.jpg,11
317,test_317.jpg,2
318,test_318.jpg,12
319,test_319.jpg,3
320,test_320.jpg,12
321,test_321.jpg,2
322,test_322.jpg,11
323,test_323.jpg,10
324,test_324.jpg,12
325,test_325.jpg,12
326,test_326.jpg,12
327,test_327.jpg,3
328,test_328.jpg,6
329,test_329.jpg,3
330,test_330.jpg,8
331,test_331.jpg,2
332,test_332.jpg,12
333,test_333.jpg,4
334,test_334.jpg,12
335,test_335.jpg,3
336,test_336.jpg,1
337,test_337.jpg,11
338,test_338.jpg,12
339,test_339.jpg,5
340,test_340.jpg,4
341,test_341.jpg,4
342,test_342.jpg,2
343,test_343.jpg,4
344,test_344.jpg,4
345,test_345.jpg,4
346,test_346.jpg,4
347,test_347.jpg,4
348,test_348.jpg,4
349,test_349.jpg,4
350,test_350.jpg,4
351,test_351.jpg,4
352,test_352.jpg,4
353,test_353.jpg,4
354,test_354.jpg,4
355,test_355.jpg,4
356,test_356.jpg,4
357,test_357.jpg,4
358,test_358.jpg,4
359,test_359.jpg,5
360,test_360.jpg,8
361,test_361.jpg,4
362,test_362.jpg,8
363,test_363.jpg,3
364,test_364.jpg,10
365,test_365.jpg,4
366,test_366.jpg,2
367,test_367.jpg,4
368,test_368.jpg,11
369,test_369.jpg,2
370,test_370.jpg,4
371,test_371.jpg,4
372,test_372.jpg,4
373,test_373.jpg,4
374,test_374.jpg,4
375,test_375.jpg,4
376,test_376.jpg,4
377,test_377.jpg,4
378,test_378.jpg,11
379,test_379.jpg,5
380,test_380.jpg,4
381,test_381.jpg,4
382,test_382.jpg,4
383,test_383.jpg,4
384,test_384.jpg,4
385,test_385.jpg,4
386,test_386.jpg,6
387,test_387.jpg,4
388,test_388.jpg,4
389,test_389.jpg,4
390,test_390.jpg,4
391,test_391.jpg,4
392,test_392.jpg,2
393,test_393.jpg,2
394,test_394.jpg,4
395,test_395.jpg,2
396,test_396.jpg,4
397,test_397.jpg,10
398,test_398.jpg,4
399,test_399.jpg,4
400,test_400.jpg,4
401,test_401.jpg,4
402,test_402.jpg,4
403,test_403.jpg,2
404,test_404.jpg,12
405,test_405.jpg,11
406,test_406.jpg,4
407,test_407.jpg,4
408,test_408.jpg,4
409,test_409.jpg,2
410,test_410.jpg,4
411,test_411.jpg,0
412,test_412.jpg,2
413,test_413.jpg,4
414,test_414.jpg,4
415,test_415.jpg,4
416,test_416.jpg,4
417,test_417.jpg,10
418,test_418.jpg,6
419,test_419.jpg,4
420,test_420.jpg,4
421,test_421.jpg,6
422,test_422.jpg,11
423,test_423.jpg,4
424,test_424.jpg,4
425,test_425.jpg,10
426,test_426.jpg,5
427,test_427.jpg,10
428,test_428.jpg,5
429,test_429.jpg,5
430,test_430.jpg,7
431,test_431.jpg,12
432,test_432.jpg,2
433,test_433.jpg,7
434,test_434.jpg,4
435,test_435.jpg,10
436,test_436.jpg,6
437,test_437.jpg,2
438,test_438.jpg,9
439,test_439.jpg,4
440,test_440.jpg,5
441,test_441.jpg,7
442,test_442.jpg,5
443,test_443.jpg,4
444,test_444.jpg,2
445,test_445.jpg,2
446,test_446.jpg,2
447,test_447.jpg,11
448,test_448.jpg,4
449,test_449.jpg,2
450,test_450.jpg,4
451,test_451.jpg,11
452,test_452.jpg,10
453,test_453.jpg,10
454,test_454.jpg,2
455,test_455.jpg,5
456,test_456.jpg,2
457,test_457.jpg,2
458,test_458.jpg,11
459,test_459.jpg,2
460,test_460.jpg,11
461,test_461.jpg,4
462,test_462.jpg,5
463,test_463.jpg,9
464,test_464.jpg,4
465,test_465.jpg,5
466,test_466.jpg,2
467,test_467.jpg,7
468,test_468.jpg,5
469,test_469.jpg,5
470,test_470.jpg,6
471,test_471.jpg,5
472,test_472.jpg,12
473,test_473.jpg,2
474,test_474.jpg,5
475,test_475.jpg,4
476,test_476.jpg,4
477,test_477.jpg,4
478,test_478.jpg,4
479,test_479.jpg,4
480,test_480.jpg,1
481,test_481.jpg,4
482,test_482.jpg,5
483,test_483.jpg,2
484,test_484.jpg,10
485,test_485.jpg,2
486,test_486.jpg,4
487,test_487.jpg,5
488,test_488.jpg,4
489,test_489.jpg,5
490,test_490.jpg,10
491,test_491.jpg,5
492,test_492.jpg,10
493,test_493.jpg,2
494,test_494.jpg,4
495,test_495.jpg,2
496,test_496.jpg,4
497,test_497.jpg,5
498,test_498.jpg,4
499,test_499.jpg,4
500,test_500.jpg,1
501,test_501.jpg,5
502,test_502.jpg,4
503,test_503.jpg,5
504,test_504.jpg,1
505,test_505.jpg,6
506,test_506.jpg,10
507,test_507.jpg,4
508,test_508.jpg,1
509,test_509.jpg,5
510,test_510.jpg,7
511,test_511.jpg,6
512,test_512.jpg,6
513,test_513.jpg,6
514,test_514.jpg,3
515,test_515.jpg,4
516,test_516.jpg,5
517,test_517.jpg,12
518,test_518.jpg,2
519,test_519.jpg,2
520,test_520.jpg,12
521,test_521.jpg,10
522,test_522.jpg,4
523,test_523.jpg,2
524,test_524.jpg,6
525,test_525.jpg,11
526,test_526.jpg,4
527,test_527.jpg,10
528,test_528.jpg,7
529,test_529.jpg,4
530,test_530.jpg,9
531,test_531.jpg,4
532,test_532.jpg,2
533,test_533.jpg,12
534,test_534.jpg,8
535,test_535.jpg,6
536,test_536.jpg,4
537,test_537.jpg,1
538,test_538.jpg,8
539,test_539.jpg,4
540,test_540.jpg,12
541,test_541.jpg,4
542,test_542.jpg,2
543,test_543.jpg,4
544,test_544.jpg,12
545,test_545.jpg,0
546,test_546.jpg,6
547,test_547.jpg,6
548,test_548.jpg,6
549,test_549.jpg,12
550,test_550.jpg,12
551,test_551.jpg,5
552,test_552.jpg,11
553,test_553.jpg,4
554,test_554.jpg,4
555,test_555.jpg,4
556,test_556.jpg,12
557,test_557.jpg,6
558,test_558.jpg,6
559,test_559.jpg,2
560,test_560.jpg,4
561,test_561.jpg,2
562,test_562.jpg,12
563,test_563.jpg,11
564,test_564.jpg,11
565,test_565.jpg,2
566,test_566.jpg,2
567,test_567.jpg,4
568,test_568.jpg,6
569,test_569.jpg,4
570,test_570.jpg,2
571,test_571.jpg,4
572,test_572.jpg,4
573,test_573.jpg,4
574,test_574.jpg,2
575,test_575.jpg,11
576,test_576.jpg,12
577,test_577.jpg,6
578,test_578.jpg,4
579,test_579.jpg,6
580,test_580.jpg,4
581,test_581.jpg,1
582,test_582.jpg,4
583,test_583.jpg,6
584,test_584.jpg,2
585,test_585.jpg,6
586,test_586.jpg,4
587,test_587.jpg,12
588,test_588.jpg,4
589,test_589.jpg,4
590,test_590.jpg,2
591,test_591.jpg,12
592,test_592.jpg,3
593,test_593.jpg,6
594,test_594.jpg,6
595,test_595.jpg,11
596,test_596.jpg,7
597,test_597.jpg,7
598,test_598.jpg,7
599,test_599.jpg,11
600,test_600.jpg,7
601,test_601.jpg,5
602,test_602.jpg,10
603,test_603.jpg,5
604,test_604.jpg,11
605,test_605.jpg,2
606,test_606.jpg,5
607,test_607.jpg,4
608,test_608.jpg,4
609,test_609.jpg,7
610,test_610.jpg,7
611,test_611.jpg,7
612,test_612.jpg,10
613,test_613.jpg,10
614,test_614.jpg,6
615,test_615.jpg,2
616,test_616.jpg,4
617,test_617.jpg,4
618,test_618.jpg,7
619,test_619.jpg,10
620,test_620.jpg,12
621,test_621.jpg,11
622,test_622.jpg,7
623,test_623.jpg,4
624,test_624.jpg,4
625,test_625.jpg,10
626,test_626.jpg,1
627,test_627.jpg,7
628,test_628.jpg,1
629,test_629.jpg,7
630,test_630.jpg,4
631,test_631.jpg,4
632,test_632.jpg,7
633,test_633.jpg,7
634,test_634.jpg,7
635,test_635.jpg,10
636,test_636.jpg,4
637,test_637.jpg,10
638,test_638.jpg,11
639,test_639.jpg,7
640,test_640.jpg,7
641,test_641.jpg,11
642,test_642.jpg,11
643,test_643.jpg,7
644,test_644.jpg,10
645,test_645.jpg,7
646,test_646.jpg,11
647,test_647.jpg,4
648,test_648.jpg,7
649,test_649.jpg,7
650,test_650.jpg,12
651,test_651.jpg,10
652,test_652.jpg,7
653,test_653.jpg,7
654,test_654.jpg,7
655,test_655.jpg,3
656,test_656.jpg,4
657,test_657.jpg,7
658,test_658.jpg,4
659,test_659.jpg,4
660,test_660.jpg,7
661,test_661.jpg,7
662,test_662.jpg,7
663,test_663.jpg,10
664,test_664.jpg,7
665,test_665.jpg,7
666,test_666.jpg,7
667,test_667.jpg,7
668,test_668.jpg,7
669,test_669.jpg,11
670,test_670.jpg,4
671,test_671.jpg,4
672,test_672.jpg,10
673,test_673.jpg,11
674,test_674.jpg,10
675,test_675.jpg,4
676,test_676.jpg,6
677,test_677.jpg,4
678,test_678.jpg,11
679,test_679.jpg,7
680,test_680.jpg,10
681,test_681.jpg,6
682,test_682.jpg,4
683,test_683.jpg,10
684,test_684.jpg,10
685,test_685.jpg,8
686,test_686.jpg,11
687,test_687.jpg,11
688,test_688.jpg,4
689,test_689.jpg,8
690,test_690.jpg,2
691,test_691.jpg,10
692,test_692.jpg,5
693,test_693.jpg,10
694,test_694.jpg,4
695,test_695.jpg,0
696,test_696.jpg,8
697,test_697.jpg,10
698,test_698.jpg,2
699,test_699.jpg,2
700,test_700.jpg,10
701,test_701.jpg,7
702,test_702.jpg,1
703,test_703.jpg,8
704,test_704.jpg,11
705,test_705.jpg,8
706,test_706.jpg,8
707,test_707.jpg,1
708,test_708.jpg,10
709,test_709.jpg,8
710,test_710.jpg,2
711,test_711.jpg,7
712,test_712.jpg,8
713,test_713.jpg,8
714,test_714.jpg,5
715,test_715.jpg,1
716,test_716.jpg,10
717,test_717.jpg,12
718,test_718.jpg,6
719,test_719.jpg,4
720,test_720.jpg,4
721,test_721.jpg,8
722,test_722.jpg,4
723,test_723.jpg,1
724,test_724.jpg,6
725,test_725.jpg,4
726,test_726.jpg,8
727,test_727.jpg,10
728,test_728.jpg,0
729,test_729.jpg,11
730,test_730.jpg,8
731,test_731.jpg,8
732,test_732.jpg,11
733,test_733.jpg,4
734,test_734.jpg,10
735,test_735.jpg,8
736,test_736.jpg,10
737,test_737.jpg,2
738,test_738.jpg,12
739,test_739.jpg,10
740,test_740.jpg,10
741,test_741.jpg,2
742,test_742.jpg,10
743,test_743.jpg,4
744,test_744.jpg,10
745,test_745.jpg,4
746,test_746.jpg,2
747,test_747.jpg,8
748,test_748.jpg,8
749,test_749.jpg,2
750,test_750.jpg,12
751,test_751.jpg,1
752,test_752.jpg,8
753,test_753.jpg,8
754,test_754.jpg,10
755,test_755.jpg,10
756,test_756.jpg,6
757,test_757.jpg,4
758,test_758.jpg,11
759,test_759.jpg,4
760,test_760.jpg,10
761,test_761.jpg,10
762,test_762.jpg,8
763,test_763.jpg,0
764,test_764.jpg,2
765,test_765.jpg,10
766,test_766.jpg,4
767,test_767.jpg,5
768,test_768.jpg,11
769,test_769.jpg,10
770,test_770.jpg,10
771,test_771.jpg,12
772,test_772.jpg,10
773,test_773.jpg,2
774,test_774.jpg,4
775,test_775.jpg,9
776,test_776.jpg,1
777,test_777.jpg,4
778,test_778.jpg,4
779,test_779.jpg,9
780,test_780.jpg,2
781,test_781.jpg,10
782,test_782.jpg,10
783,test_783.jpg,9
784,test_784.jpg,11
785,test_785.jpg,11
786,test_786.jpg,2
787,test_787.jpg,2
788,test_788.jpg,6
789,test_789.jpg,1
790,test_790.jpg,5
791,test_791.jpg,2
792,test_792.jpg,10
793,test_793.jpg,10
794,test_794.jpg,4
795,test_795.jpg,10
796,test_796.jpg,2
797,test_797.jpg,4
798,test_798.jpg,10
799,test_799.jpg,10
800,test_800.jpg,4
801,test_801.jpg,1
802,test_802.jpg,2
803,test_803.jpg,6
804,test_804.jpg,5
805,test_805.jpg,4
806,test_806.jpg,4
807,test_807.jpg,4
808,test_808.jpg,12
809,test_809.jpg,10
810,test_810.jpg,4
811,test_811.jpg,4
812,test_812.jpg,6
813,test_813.jpg,5
814,test_814.jpg,2
815,test_815.jpg,6
816,test_816.jpg,4
817,test_817.jpg,11
818,test_818.jpg,11
819,test_819.jpg,10
820,test_820.jpg,5
821,test_821.jpg,10
822,test_822.jpg,4
823,test_823.jpg,10
824,test_824.jpg,9
825,test_825.jpg,4
826,test_826.jpg,12
827,test_827.jpg,10
828,test_828.jpg,2
829,test_829.jpg,10
830,test_830.jpg,4
831,test_831.jpg,10
832,test_832.jpg,4
833,test_833.jpg,10
834,test_834.jpg,9
835,test_835.jpg,10
836,test_836.jpg,4
837,test_837.jpg,2
838,test_838.jpg,5
839,test_839.jpg,10
840,test_840.jpg,4
841,test_841.jpg,2
842,test_842.jpg,7
843,test_843.jpg,4
844,test_844.jpg,11
845,test_845.jpg,10
846,test_846.jpg,1
847,test_847.jpg,10
848,test_848.jpg,4
849,test_849.jpg,11
850,test_850.jpg,10
851,test_851.jpg,10
852,test_852.jpg,10
853,test_853.jpg,4
854,test_854.jpg,4
855,test_855.jpg,10
856,test_856.jpg,10
857,test_857.jpg,10
858,test_858.jpg,11
859,test_859.jpg,4
860,test_860.jpg,10
861,test_861.jpg,0
862,test_862.jpg,4
863,test_863.jpg,4
864,test_864.jpg,10
865,test_865.jpg,10
866,test_866.jpg,10
867,test_867.jpg,11
868,test_868.jpg,3
869,test_869.jpg,10
870,test_870.jpg,10
871,test_871.jpg,10
872,test_872.jpg,10
873,test_873.jpg,4
874,test_874.jpg,10
875,test_875.jpg,10
876,test_876.jpg,1
877,test_877.jpg,7
878,test_878.jpg,10
879,test_879.jpg,10
880,test_880.jpg,10
881,test_881.jpg,10
882,test_882.jpg,10
883,test_883.jpg,10
884,test_884.jpg,10
885,test_885.jpg,10
886,test_886.jpg,11
887,test_887.jpg,10
888,test_888.jpg,8
889,test_889.jpg,8
890,test_890.jpg,10
891,test_891.jpg,10
892,test_892.jpg,10
893,test_893.jpg,10
894,test_894.jpg,10
895,test_895.jpg,10
896,test_896.jpg,10
897,test_897.jpg,10
898,test_898.jpg,2
899,test_899.jpg,10
900,test_900.jpg,10
901,test_901.jpg,10
902,test_902.jpg,10
903,test_903.jpg,8
904,test_904.jpg,10
905,test_905.jpg,10
906,test_906.jpg,10
907,test_907.jpg,4
908,test_908.jpg,10
909,test_909.jpg,10
910,test_910.jpg,10
911,test_911.jpg,4
912,test_912.jpg,10
913,test_913.jpg,10
914,test_914.jpg,10
915,test_915.jpg,5
916,test_916.jpg,10
917,test_917.jpg,10
918,test_918.jpg,10
919,test_919.jpg,10
920,test_920.jpg,10
921,test_921.jpg,10
922,test_922.jpg,10
923,test_923.jpg,1
924,test_924.jpg,10
925,test_925.jpg,10
926,test_926.jpg,10
927,test_927.jpg,10
928,test_928.jpg,10
929,test_929.jpg,10
930,test_930.jpg,10
931,test_931.jpg,10
932,test_932.jpg,10
933,test_933.jpg,10
934,test_934.jpg,10
935,test_935.jpg,11
936,test_936.jpg,11
937,test_937.jpg,12
938,test_938.jpg,2
939,test_939.jpg,11
940,test_940.jpg,2
941,test_941.jpg,12
942,test_942.jpg,2
943,test_943.jpg,4
944,test_944.jpg,2
945,test_945.jpg,11
946,test_946.jpg,11
947,test_947.jpg,10
948,test_948.jpg,4
949,test_949.jpg,11
950,test_950.jpg,2
951,test_951.jpg,5
952,test_952.jpg,4
953,test_953.jpg,1
954,test_954.jpg,11
955,test_955.jpg,11
956,test_956.jpg,10
957,test_957.jpg,12
958,test_958.jpg,4
959,test_959.jpg,12
960,test_960.jpg,4
961,test_961.jpg,2
962,test_962.jpg,1
963,test_963.jpg,10
964,test_964.jpg,11
965,test_965.jpg,11
966,test_966.jpg,2
967,test_967.jpg,4
968,test_968.jpg,2
969,test_969.jpg,11
970,test_970.jpg,2
971,test_971.jpg,12
972,test_972.jpg,11
973,test_973.jpg,2
974,test_974.jpg,11
975,test_975.jpg,4
976,test_976.jpg,6
977,test_977.jpg,11
978,test_978.jpg,11
979,test_979.jpg,11
980,test_980.jpg,11
981,test_981.jpg,5
982,test_982.jpg,4
983,test_983.jpg,11
984,test_984.jpg,7
985,test_985.jpg,2
986,test_986.jpg,7
987,test_987.jpg,10
988,test_988.jpg,2
989,test_989.jpg,11
990,test_990.jpg,12
991,test_991.jpg,11
992,test_992.jpg,11
993,test_993.jpg,2
994,test_994.jpg,4
995,test_995.jpg,2
996,test_996.jpg,2
997,test_997.jpg,1
998,test_998.jpg,11
999,test_999.jpg,4
1000,test_1000.jpg,11
1001,test_1001.jpg,10
1002,test_1002.jpg,2
1003,test_1003.jpg,2
1004,test_1004.jpg,1
1005,test_1005.jpg,4
1006,test_1006.jpg,11
1007,test_1007.jpg,11
1008,test_1008.jpg,1
1009,test_1009.jpg,11
1010,test_1010.jpg,12
1011,test_1011.jpg,4
1012,test_1012.jpg,12
1013,test_1013.jpg,7
1014,test_1014.jpg,0
1015,test_1015.jpg,2
1016,test_1016.jpg,11
1017,test_1017.jpg,11
1018,test_1018.jpg,10
1019,test_1019.jpg,6
1020,test_1020.jpg,8
1021,test_1021.jpg,11
1022,test_1022.jpg,12
1023,test_1023.jpg,12
1024,test_1024.jpg,12
1025,test_1025.jpg,12
1026,test_1026.jpg,12
1027,test_1027.jpg,3
1028,test_1028.jpg,12
1029,test_1029.jpg,1
1030,test_1030.jpg,12
1031,test_1031.jpg,1
1032,test_1032.jpg,11
1033,test_1033.jpg,12
1034,test_1034.jpg,12
1035,test_1035.jpg,5
1036,test_1036.jpg,12
1037,test_1037.jpg,7
1038,test_1038.jpg,12
1039,test_1039.jpg,12
1040,test_1040.jpg,12
1041,test_1041.jpg,6
1042,test_1042.jpg,12
1043,test_1043.jpg,12
1044,test_1044.jpg,2
1045,test_1045.jpg,12
1046,test_1046.jpg,4
1047,test_1047.jpg,4
1048,test_1048.jpg,12
1049,test_1049.jpg,12
1050,test_1050.jpg,7
1051,test_1051.jpg,12
1052,test_1052.jpg,12
1053,test_1053.jpg,10
1054,test_1054.jpg,12
1055,test_1055.jpg,4
1056,test_1056.jpg,12
1057,test_1057.jpg,12
1058,test_1058.jpg,10
1059,test_1059.jpg,4
1060,test_1060.jpg,11
1061,test_1061.jpg,4
1062,test_1062.jpg,11
1063,test_1063.jpg,4
1064,test_1064.jpg,12
1065,test_1065.jpg,12
1066,test_1066.jpg,12
1067,test_1067.jpg,5
1068,test_1068.jpg,12
1069,test_1069.jpg,4
1070,test_1070.jpg,12
1071,test_1071.jpg,2
1072,test_1072.jpg,1
1073,test_1073.jpg,12
1074,test_1074.jpg,8
1075,test_1075.jpg,12
1076,test_1076.jpg,12
1077,test_1077.jpg,10
1078,test_1078.jpg,12
1079,test_1079.jpg,11
1080,test_1080.jpg,11
1081,test_1081.jpg,12
1082,test_1082.jpg,10
1083,test_1083.jpg,4
1084,test_1084.jpg,2
1085,test_1085.jpg,12
1086,test_1086.jpg,2
1087,test_1087.jpg,12
1088,test_1088.jpg,12
1089,test_1089.jpg,12
1090,test_1090.jpg,2
1091,test_1091.jpg,12
1092,test_1092.jpg,4
1093,test_1093.jpg,12
1094,test_1094.jpg,2
1095,test_1095.jpg,4
1096,test_1096.jpg,2
1097,test_1097.jpg,2
1098,test_1098.jpg,10
1099,test_1099.jpg,12
1100,test_1100.jpg,12
1101,test_1101.jpg,5
1102,test_1102.jpg,11
1103,test_1103.jpg,12
1104,test_1104.jpg,12
